site_id,peak_kw,all-hours:oracle,all-hours:mpc,all-hours:seasonal,all-hours:ratchet,all-hours:timer,ngrid-g3:oracle,ngrid-g3:mpc,ngrid-g3:seasonal,ngrid-g3:ratchet,ngrid-g3:timer,es-g2-boston:oracle,es-g2-boston:mpc,es-g2-boston:seasonal,es-g2-boston:ratchet,es-g2-boston:timer
pt-004,321.1382141113281,1354.6387423313536,1206.988496725824,1212.1164265747238,754.5490047259738,-9.684480284121548,1685.7108890664308,1517.410229762054,1451.4259237341334,654.3254817615151,266.2601776123047,1586.2055802591335,1424.986693790168,1390.9522962172725,574.4450199607013,170.73171997070312
pt-006,500.0,1723.3507979999072,1494.6144531788316,1413.003802740279,1114.878144158286,314.37876412571416,1932.064941498506,1697.1734578605253,1452.590234072832,1261.1315730009078,425.5952606201172,1882.3212900444896,1662.073276273149,1526.4667600073021,789.7397977309226,309.5238342285156
pt-008,542.0875244140625,1601.2391248257086,1354.2548379370637,1369.0790646703192,903.4297092540854,20.59255022408456,1655.8341044767521,1399.014381736467,1312.3029867182886,921.4620834641457,208.7542724609375,1643.9851514563074,1378.050804784269,1367.8416282532276,784.5117034912109,144.78118896484375
pt-018,607.0287475585938,1962.1774845554842,1620.4607693944954,1454.0251860490218,1031.6393092250823,354.6326599121094,2049.97206551363,1580.687353631014,1503.6121896570626,1180.8702251815796,495.2077331542969,1910.306512478095,1573.6354336157412,1459.8783893436519,945.6869506835938,376.9968566894531
pt-021,505.235595703125,1371.176012478221,1204.4526416586982,1174.7226564619614,733.2033955517339,188.7487849652955,1478.9134158718466,1210.363610235261,1187.130794741085,598.4616860198975,272.2512969970703,1502.611152965435,1229.8177654866154,1168.9565097379495,564.430329208374,264.3979034423828
pt-025,532.7102661132812,2049.213971537469,1707.2172136682302,1545.2270497889651,1330.0646063814756,336.4486083984375,2182.751346517582,1867.496837261191,1814.1048203002765,1326.5450843015858,448.59814453125,2079.6592693525567,1696.688625182308,1621.0406564943157,1050.8921054390075,369.15887451171875
pt-043,2886.363525390625,3000.0,2798.6275055078586,2775.5954046230436,2363.6363525390625,204.54541015625,3000.0,2570.8924276503567,2542.0591454231107,2574.674614588082,1146.9578876198457,3000.0,2583.6197225629185,2573.9207368728967,2506.492729822457,719.1839612127096
pt-046,327.01422119140625,1477.3134517143433,1292.0755437188245,1318.2354507415175,855.3888229305824,-19.693732778713922,1506.791794650475,1288.121980337118,1257.9665169342902,614.5115576457977,123.22276306152344,1512.0956898052532,1298.4172859228095,1221.9894818567086,716.4363276777268,94.7867431640625
pt-049,2130.434814453125,2997.4981008834748,2657.2314328367893,2706.2059183756883,2346.889884262681,793.4783935546875,2943.238725550158,2449.264144861777,2550.9554996176994,2644.523076296151,1494.9676519930736,2924.4503904507487,2455.769938839747,2490.998009030776,2396.966261730492,1060.185059219636
pt-050,441.2811279296875,1490.311653293949,1246.308635724157,1235.5732402261276,651.2455291748047,99.64410400390625,1502.2196286479775,1257.6813358135196,1222.346041877218,663.0921979077456,217.08184814453125,1493.908211341813,1273.3198486579558,1302.1906182267267,595.0725637289281,149.46615600585938
pt-064,3461.53857421875,3000.0,2701.4345646556467,2756.409912109375,2576.923095703125,446.4567883611471,3000.0,2701.4345646556467,2849.5164730716497,2576.923095703125,549.0209973455221,3000.0,2701.4345646556467,2903.845947265625,2750.0,1028.6597919167207
pt-067,530.3643798828125,1985.4521727919582,1622.0071735067413,1676.7425424033204,1452.2395986367687,102.41860482395634,2268.0619050604055,1939.9118642432268,1842.9459042117403,1302.9642549711361,506.0729064941406,2163.294857717617,1837.0438282043206,1760.4349062748333,1217.0800164761542,348.17816162109375
pt-068,324.82598876953125,1214.5827751345496,961.1072027569735,1001.3339894750327,496.9540554626492,-284.4690004601652,1506.023988858902,1320.8713480087958,1242.901908320784,695.3811365289688,334.1067199707031,1409.259379705128,1230.4575476077416,1181.7966550826359,675.9125211989609,204.17633056640625
pt-069,374.68353271484375,1438.467996356726,1252.8856433208289,1186.556899017955,839.6389870885016,32.44951433541269,1520.7816935505543,1300.2594246846575,1269.3949627464913,691.910937875092,227.8480987548828,1473.375060652124,1255.3179925290983,1143.2069124114519,606.6136189911365,118.98733520507812
pt-084,626.582275390625,1724.6953596710898,1470.580548417031,1388.4766739573818,1064.1003229789735,123.41766357421875,1724.6953596710898,1469.2272736190102,1401.1053263456117,968.0348242969513,123.41766357421875,1730.9597164950612,1474.5430596853012,1364.3851766609143,1003.0537112998963,123.41766357421875
pt-085,303.9591369628906,1095.3236394505764,934.618974286102,909.4252222039307,690.1896966018677,-320.0896517052824,1411.3506303809845,1220.8866580074587,1178.5379877135595,501.79193944978715,91.95401000976562,1334.5941820518988,1156.588728478132,1077.2569566875059,603.7946210291386,47.254150390625
pt-086,1263.1578369140625,2975.2020498793872,2417.4767226239724,2504.9810229683108,2727.1818540907575,484.21038818359375,3000.0,2629.038492524697,2586.873521672297,2846.3483433475494,1505.262939453125,2994.3505319948968,2699.6141098091894,2324.656603321845,2010.0498354828953,810.5261840820312
pt-087,337.7308654785156,1272.5099031749435,1135.0434983295172,1128.4672699203215,928.2484929385186,25.425209918646374,1295.707181443935,1146.445707073215,1170.512781029583,777.8527577228547,71.2401123046875,1328.5291273948928,1187.2362572544735,1217.1328512988023,759.6387797265053,65.96307373046875
pt-088,488.8888854980469,2047.0689855779037,1488.0824897141927,1512.9695156334765,1378.153923274539,155.55560302734375,2195.883443793894,1703.6726375956139,1601.0452625512717,1710.5431313520667,324.4444122314453,2055.015814670683,1558.605906315656,1370.9197460064274,1281.9830526350136,128.8888702392578
pt-089,534.3915405273438,1586.7245912084427,1171.1924585404445,1231.5936156598464,932.5806290254593,-1.1501231595732975,1939.041473467829,1458.6598263324697,1376.4735956671248,1330.447096261687,246.03173828125,1819.219449804826,1506.3464384925207,1410.4999615458541,1162.7765456593563,124.338623046875
pt-090,339.33001708984375,963.9873037536321,722.2375953532558,616.7032173543528,734.4210047812462,-456.5815846010526,1030.2891543488631,704.3156905751313,674.776144546342,678.116494319439,15.5086669921875,1064.6200967586396,722.224711191473,675.3598403606193,661.9106597900391,15.5086669921875
pt-097,579.8319091796875,1649.058178503656,1239.355339634561,1307.3650998918388,602.0789591812681,203.3203177318024,1670.9689552945806,1239.355339634561,1241.3266777801846,620.1293376801611,241.59661865234375,1688.9693003952775,1281.5131491282605,1311.408199513246,578.1892889853905,241.59661865234375
pt-098,1683.6903076171875,2935.6040899634513,2720.948415421088,2766.3099356799876,2547.8524652900696,54.36572265625,2931.5205967300644,2637.4558617101507,2655.68359375,2536.320360797882,331.95983949307356,2911.7494051573626,2591.5824510862044,2604.61279296875,2486.6285923423766,280.88903871182356
pt-099,3718.75,2970.1079919528015,2511.9257377434697,2758.9863807766365,2456.274169921875,140.625,2936.2985521815076,2422.8953442196253,2601.1524991652195,2507.055419921875,375.57214418057356,2936.2985521815076,2422.5930047812762,2464.4337491652195,2507.055419921875,156.25
pt-101,1573.1707763671875,2258.106319507966,1847.8865112979367,1819.041566401277,1415.2734502509234,106.271728515625,2294.232438059376,1947.4108796396524,1875.0716971164,1387.5745843527911,226.48089599609375,2351.287595924494,1994.2081217126502,1891.7048901725645,1375.203809137642,226.48089599609375
pt-102,2558.78466796875,2959.4510501166956,1971.721874830377,2371.111668703198,2678.3355712890625,-274.0937595903688,2743.8112779649055,2241.28052698983,2612.9896158071774,2441.2152099609375,0.0,2743.8112779649055,2241.3953064435545,2612.9896158071774,2441.2152099609375,0.0
pt-103,2430.508544921875,1842.5908954556553,802.3201233502909,764.6995479124018,608.1112949407325,52.54248046875,1956.2388549034679,990.8881410381007,915.6620809947319,625.672935441457,218.64404296875,1960.422477416654,990.8881410381007,925.664141433746,625.672935441457,218.64404296875
pt-104,1596.03955078125,1972.5835370512416,1452.4755875310236,1472.2759738953287,1099.010471096039,137.623779296875,2114.847690820098,1539.6223646489684,1522.5015547135522,1052.720251001358,332.6732177734375,2136.0526015013243,1623.2381541221412,1479.4799923620426,1318.503680913925,332.6732177734375
pt-105,645.673583984375,1336.3720186461815,835.4910119451329,955.3028805026536,683.9026165094376,1.09527587890625,1307.9714338484575,859.0239145564371,903.729183522614,687.2945556640625,1.642913818359375,1358.3104307042029,864.0743015907244,891.5800019647947,503.2857971191406,1.642913818359375
pt-114,774.8344116210938,2154.014720992599,1407.1075801451489,1651.3358739134867,877.4833374023438,113.35778329075328,2580.4830100241084,1910.2249858835225,1999.043855900661,1183.1782429221278,1049.1057446599752,2106.3101416615264,1373.5859317165746,1503.7625085152722,809.6026763916016,529.2382214666158
pt-124,703.3493041992188,2447.613419731967,1807.5968450720666,1867.325003934911,1363.1737043656863,76.5550537109375,2720.676086562773,1924.8818157230908,1915.3141756297864,1716.8844890463015,770.3348999023438,2545.137991867028,1834.2323789266961,1790.7583527629977,1527.7227862392665,492.82293701171875
pt-128,771.6319580078125,1698.0896205206327,1167.0330659031902,1137.104281246885,862.4124025617832,116.64837646484375,1698.0896205206327,1111.5206752573295,1163.416885761319,852.0856490538719,116.64837646484375,1705.14751508387,1105.5973954633964,1125.6359846778987,877.4761241057516,116.64837646484375
pt-139,723.7615356445312,2135.2525900273195,1698.8473437097612,1633.9169495725032,1314.1358441514938,77.2459716796875,2004.7435281414928,1531.2111933414633,1532.366481333473,1166.898556213379,77.2459716796875,1950.0684860954566,1517.9804681392598,1541.2878980072824,1127.0542214479447,18.47186279296875
pt-140,355.0295715332031,954.7202723890764,383.9152085976722,503.09839890462825,476.36773278849194,-29.139521135385095,1103.1100172964095,503.09010707261143,593.8752916262192,397.4853682586793,0.0,1065.2829750472438,577.1809084101096,591.1664085345418,587.6022457602621,0.0
pt-143,364.7764587402344,1023.402663192802,827.0248108048734,767.262656481746,667.8251768874497,-207.7397524132902,1109.5995617228355,811.042921018442,728.5395050555903,596.1554748018405,37.077423095703125,1147.112268972584,846.9863071603829,779.6347281280189,436.3175251486896,8.1788330078125
pt-147,3229.268310546875,2336.9415955604695,1824.187103721279,1562.8017301621508,1417.5409534452651,356.09716796875,2339.5689457852704,1829.4514736532033,1572.1846003961518,1717.5857931793098,356.09716796875,2339.5689457852704,1842.0890507808685,1572.294106701459,1708.4656759819754,356.09716796875
pt-148,414.1981506347656,567.311452046844,422.1544958590581,379.0847804332681,335.751962710679,-412.11862007969944,721.6429360896955,615.2669297305902,545.2855643263983,400.4718082256318,29.111358642578125,769.177913578779,668.3980830563087,616.1337151563423,403.2898626768256,36.261505126953125
pt-152,1650.301513671875,1525.1411467733492,1161.963236937285,1040.5584532639812,959.5008447076359,0.0,1525.1411467733492,1166.0401534288978,1058.0012131899452,992.3960453018824,0.0,1534.267696294763,1163.829135894761,1039.9856283123438,1017.8704231022841,0.0
pt-153,338.9296875,767.0028139317317,587.7737800377492,619.2030769354551,213.07643157958984,19.93701171875,767.0028139317317,626.5109076178994,692.3095766841061,220.2464128570557,19.93701171875,784.6397914132735,644.9108189495203,653.9273556145727,220.52336225891116,19.93701171875
pt-155,452.77777099609375,1627.7288872768045,1254.617430005988,1246.2060664035284,804.4703418162462,36.111114501953125,1600.9514383624544,1221.814744383862,1227.373175956773,950.0500620148973,47.22222900390625,1624.720215658268,1242.4266921997273,1220.7223710045844,793.3528675873875,47.22222900390625
pt-157,4682.9970703125,3000.0,2643.6360825896327,2568.2715894615235,2538.18408203125,373.08410707119856,3000.0,2643.6360825896327,2568.2715894615235,2538.18408203125,373.08410707119856,3000.0,2573.6949195209954,2562.575286737578,2538.18408203125,373.08410707119856
pt-161,2259.25927734375,2491.2844942507027,1728.4445688772114,1460.5750511507808,1925.6963560987704,-548.0411568760501,2947.247369594925,2276.583256081225,2046.5147122069432,1978.5724356482624,209.876708984375,2970.0324402462434,2146.2982582593513,2120.6199068046412,2133.6577608206867,98.765380859375
pt-162,586.42626953125,1492.6404618391553,998.699029253879,957.9610801864982,883.6762239577154,-552.88455025548,1466.966080027673,954.3390593801674,939.3780069456631,745.5085510034561,0.0,1470.3599372989274,976.0292031737389,934.7790086525966,800.0782550069378,0.0
pt-163,3845.6220703125,2890.9366388695407,2365.3155651037077,2469.7822867957734,2377.835612909615,325.16622747634074,2890.9366388695407,2240.5267201848756,2330.659529560325,2331.391183039036,474.38024964932356,2890.9366388695407,2239.3193849344234,2256.3214770677364,2330.74883210212,474.38024964932356
pt-166,1953.2967529296875,2907.5146572498634,2177.921316987892,2133.608659051316,1365.2187142982484,132.087890625,2915.719132374673,2435.051488330292,2329.8579873465073,1863.1895802024005,278.791015625,2927.9794691262114,2462.428990301307,2502.3554222196412,1817.0328369140625,377.911865234375
pt-171,378.8821716308594,952.1602376971745,820.0238052843282,740.8152233165288,474.2435966408687,9.123870849609375,937.3563857899534,808.2690911681728,775.5638443549285,392.42326766300204,9.123870849609375,977.5706393375888,843.0465686875481,825.2782769512808,445.0965810794258,9.123870849609375
pt-174,325.89862060546875,908.4212832682716,660.3440674605336,712.7074229011164,416.45131847602136,-32.87842755911856,894.9384491902572,635.1632636173892,703.9924957527326,427.64396769270263,36.88172912597656,924.6679337021372,675.8479473303115,718.348385194178,422.4222246766208,36.88172912597656
pt-177,313.6826477050781,886.294041396722,714.5176888203212,662.103608809821,409.2615663579621,3.0089874267578125,918.6263539804443,783.3032995137058,727.9855650297499,443.8023986816406,16.601821899414062,966.8704214212153,821.2426000570243,716.2006094456659,462.1542567691803,16.601821899414062
pt-189,747.6340942382812,1436.4256699032176,1031.8935675621906,965.7382453114606,730.5204578323066,0.0,1504.2797820261978,1217.2232520168877,1044.704559768886,713.1060484409333,31.545684814453125,1563.5485664935493,1312.4691057498371,1120.8962397701307,763.9176167688371,31.545684814453125
pt-190,746.0410766601562,1277.759303415508,995.8539731108115,845.4920923555469,808.4934047711932,0.8904700145172342,1252.5202464205988,932.1251303196896,732.623719918279,798.2428127403477,3.51904296875,1302.2835854888476,961.2516067472486,787.9387101444584,572.6570311021414,1.759521484375
pt-191,3892.08642578125,2998.8114840581807,2659.4576084915434,2794.7272733761292,2519.2984269828794,129.49658203125,2984.184685132388,2744.2538990606836,2732.948303361698,2481.5560106604694,532.374267578125,2984.184685132388,2744.2538990606836,2732.948303361698,2481.5560106604694,539.7752691805736
pt-192,787.4720458984375,1148.5670754132962,737.8038381694719,768.1062999206896,395.05714384901523,35.79425048828125,1132.2957868604121,690.2752539079818,669.8239006398243,464.7171994730229,39.52276611328125,1183.2906748661685,719.8416118662069,783.3633253415956,501.2570859476323,39.52276611328125
pt-193,535.7728271484375,1018.9106569155017,808.9547495410834,761.2319804798017,434.4121335192431,-60.944846670315485,1039.2146904524375,809.694407733431,773.3260570943357,425.53245821618026,21.2998046875,1083.553774667016,829.4222355331779,793.7005583502362,420.319022386732,21.2998046875
pt-194,4194.9150390625,2797.6153582060365,2124.425565041101,2009.1402125659702,2214.412261990478,392.71960511807356,2674.304043819989,1999.4297315097592,1802.8186168475181,1896.097965630806,663.9066168368236,2683.5933074327118,2039.9275969966357,1793.4219748666615,1980.843815240181,672.3812262118236
pt-195,808.7986450195312,1569.180990501833,1169.5317640345033,1120.626654284175,845.4459446001975,104.906982421875,1563.1283704874804,1152.823047371949,983.4960410762723,921.4744539209444,140.44000244140625,1628.2984654637107,1221.6606620743687,1073.0050084967975,940.6859508400918,145.51611328125
pt-198,482.847900390625,949.3722855704625,688.8308910095095,582.4614752627882,443.38022503757475,-4.724062456185891,1014.4913546130149,613.1079028820391,529.5865880180193,364.65323618139865,24.595489501953125,1077.523135046038,627.6408185140542,496.52188606236547,402.9036721145118,22.65374755859375
pt-199,944.9541015625,1174.1637732088248,829.5622323322368,774.388482548878,502.3823325401147,0.0,1197.841170163,809.2923215264318,667.0548340060272,491.93039857155793,2.866973876953125,1217.5302824585976,827.4753776864411,658.4243443313143,525.1514574609598,2.866973876953125
pt-200,1508.810546875,1790.702536627172,1299.4617082419804,1246.6969592509438,891.1575941801973,59.47149658203125,1724.0116552378624,1276.415800600911,1098.3156506272794,988.607666127295,90.30877685546875,1744.435115872149,1301.5693862040848,1089.6790882407518,988.607666127295,90.30877685546875
pt-201,568.540771484375,1114.4916357371976,717.4228129224186,633.2860197893942,416.7442691986268,6.045712934439109,1181.2932329617133,823.9530179027042,824.0890543995936,602.0388614665976,37.9027099609375,1204.011175797522,840.9766351039862,789.0603903876677,627.859790403611,37.9027099609375
pt-202,394.3662109375,976.4174759440799,826.4770168404389,803.9722888094593,440.6947984487757,18.733665902926703,990.6551014864199,834.0790797573527,788.9524005315259,436.3644661689742,70.42254638671875,1021.0526949026021,863.5035966426326,787.4909004043868,473.5437695769409,70.42254638671875
pt-203,1006.4515991210938,1734.5710917763072,1361.774565026671,1279.4495970159319,934.4083862304688,47.311767578125,1856.7882218731056,1441.3107651860591,1381.7142742340834,1050.3623313789367,53.763427734375,1804.5937640549373,1366.551484958542,1358.151070476078,930.1073608398438,53.763427734375
pt-204,1482.089599609375,1349.3444156367873,790.303434604513,655.0292059919933,514.3676331724453,44.47176884264229,1359.6426251236405,836.6033849899463,673.3979499370995,825.50156429102,97.0150146484375,1422.170394589694,861.1083407234116,670.984895554671,602.1563594827813,67.164306640625
pt-205,822.0338745117188,1701.995791252102,1435.7951276822737,1297.7705230732988,796.0942803696271,52.96612548828125,1765.2399118040112,1521.4830535553015,1416.2899615060608,1072.8426286906895,99.5762939453125,1787.6620603190531,1537.381583357842,1442.0362025448474,1132.9321612489703,84.74578857421875
pt-206,379.15234375,870.964355882937,714.8004471899226,680.8031169191695,337.9282593655586,-39.278037588284235,889.0591417962019,736.6036121439693,679.6531243058439,425.191086414814,29.20965576171875,936.6799401464134,770.3241297884474,688.8091306267961,445.0173034667969,29.20965576171875
pt-207,1624.48974609375,1936.3394318434987,1333.176326287842,1416.04035287346,1038.474200050354,0.0,1777.9007331109558,1189.525732503098,981.2179738814202,886.9570859336854,110.2039794921875,1809.675165791082,1129.2519150663284,953.2893919488606,810.0288016567231,110.2039794921875
pt-209,1039.0625,1391.7348640902374,932.1714641232794,756.1521040349886,675.8859882681958,120.73104618639229,1407.210003704572,950.2015923100181,755.8457952968538,632.8125,187.5,1452.7992412200579,959.8402829053009,804.0068389310527,862.4379932883384,187.5
pt-210,1175.7105712890625,1593.7627570432574,1146.5584323781138,949.4162015060243,698.4165801934541,0.0,1503.3315237198572,1198.3756238534502,1024.7067968729793,875.5573132387403,28.42376708984375,1589.1776712213618,1224.0406481547343,1054.4334796980204,826.1315020872358,28.42376708984375
pt-211,336.0,761.7232640969097,591.1394451578159,532.1482292074533,370.6862332563476,-33.6818614408233,771.2749727654145,593.7706825877035,505.56699215149683,369.36601562500005,34.5,825.329402809513,660.6182378830526,581.7974263136662,389.79147362775745,34.5
pt-212,589.1472778320312,969.7528029821226,765.7739701827379,810.3195553380292,364.50185029326354,7.751953125,994.1683272520031,811.5970206040088,822.1096762726497,342.31642036533356,15.50390625,1031.8419553357348,840.9112097275033,786.2655947804194,539.0451601522229,15.50390625
pt-213,1744.03466796875,1985.2842693682865,1440.219166988973,1335.116008852554,899.559571735382,6.507568359375,1909.7030123210639,1433.699370168392,1221.1875913944552,1112.9725479217893,86.7679443359375,1920.4224082523172,1406.5737286696774,1245.6428006571243,1127.8260480036902,86.7679443359375
pt-214,943.9918823242188,1556.3404520030747,1320.7368872551974,1095.1597790850115,864.2556376302641,27.494964599609375,1560.2321883155296,1336.4571123628596,1090.2015992076279,817.8723142080166,58.04486083984375,1614.5784496212354,1281.1150738235744,1203.0231337581833,791.6370703967216,58.04486083984375
pt-215,673.8782348632812,1129.1199096961434,726.6436211411597,760.6839432827958,491.3524192883837,26.44232177734375,1135.4742499968797,734.3680451396851,765.6968739381384,500.5679783809716,33.653839111328125,1224.5279084685258,728.9777093762502,790.2064554860842,449.9697353935004,33.653839111328125
pt-216,3774.08642578125,2789.1997798306934,2424.903307357695,2264.5533433906285,1906.339529141353,306.28479066494856,2760.9556834818754,2416.370794481979,2141.4190354595876,1921.0737847358137,306.28479066494856,2782.678678936884,2433.2707595394686,2157.151136323181,1935.541903179765,306.28479066494856
pt-217,473.4982299804687,1072.9214807024325,851.8865723977244,870.7995409153358,496.3225481376648,-40.874514116342084,1082.809864284447,829.43465476259,806.8064378705101,544.9947327451706,65.37100219726562,1142.1152492565993,868.872727050789,896.1417503734508,596.309861579895,94.52294921875
pt-218,2117.2021484375,2085.3368056516347,1446.7020544966151,1290.550402361334,1050.3361951811908,81.285400390625,2168.8352765878335,1361.3218056052972,1339.2005554404905,1029.8247415790922,113.4215087890625,2262.8420927494863,1349.7716016361403,1327.7298368126949,965.9973725417249,105.860107421875
pt-219,1191.3978271484375,2291.136292275165,1707.0442815789038,1561.6749141020127,1207.0012279129028,212.90313720703125,2399.3648004380802,1599.694061000871,1551.1032476634289,1851.1206693820955,361.290283203125,2443.2954927661985,1600.2348855641799,1646.9238828389812,1539.68163955909,361.290283203125
pt-221,318.0635070800781,893.3396686250053,742.199099594415,692.01322877288,415.02189035228344,7.287872314453125,920.3884109157392,741.7982455986219,758.2735825858576,451.96340788184875,13.534622192382812,947.8211425571789,742.9679017133949,746.740518020541,404.36491108103564,6.2467498779296875
pt-222,1646.6666259765625,1682.2578797282658,1302.6089692747573,1201.845979191697,968.6799831867219,26.6666259765625,1672.246800369272,1201.3450624145742,1079.2859305645115,1017.8185823383332,41.3333740234375,1748.6386565472953,1344.012913438661,1098.068989503844,1172.485330385208,41.3333740234375
pt-225,576.2828979492188,1198.7595408838508,1022.7793430446382,1019.4732533513479,594.3566964006498,-10.920809282357766,1191.5867070148388,1035.2983890285789,998.4079196050257,565.5775957713345,24.55609130859375,1234.383494657719,1065.7024293750715,1044.5131708904546,529.0272033711464,24.55609130859375
pt-226,828.5492553710938,1214.4874919471024,908.592518299651,902.420644566328,631.2623206672669,18.6190185546875,1164.1683702009989,750.4579205118068,785.7463712182024,568.8403325209252,56.63299560546875,1248.086219952799,843.9667848728388,763.9212241598716,508.0884842319489,59.73614501953125
pt-227,518.935546875,1068.212410968129,922.0118693185152,882.4044826726054,560.4439758651849,7.164764404296875,1053.6525541986139,918.29966734173,812.1103290381097,447.7250354817508,7.164764404296875,1090.8669145269191,906.4485889404185,715.8162277315165,481.06374496600534,12.282470703125
pt-229,1513.1375732421875,1720.9503340559884,1378.482532748198,1399.5297963803048,959.7792840411082,306.02783203125,1725.7237462381327,1333.2497052233305,1382.6372536045378,1033.4549461360207,347.759033203125,1751.0598425190565,1301.7578323944672,1374.1951585893398,982.8299986102575,347.759033203125
pt-231,1274.109619140625,2421.638772232037,2002.0002969048114,1894.3174075520174,1509.7357869437342,0.0,2338.1303078223855,2032.79004804715,1918.0055061742646,1602.9767148917322,41.2327880859375,2388.536204242653,2100.562583129439,1908.6795359350385,1381.987366985917,41.2327880859375
pt-235,1548.0391845703125,2709.503185665507,1715.9669097240674,1556.6079457168341,1716.4564914443677,0.0,2495.889513197764,1606.4837963908349,1343.400061701964,989.3530039501013,98.7254638671875,2538.376095700422,1616.2735860339735,1373.811070981975,1120.9885532131018,98.7254638671875
pt-238,740.2000122070312,1587.1864701578777,1118.9674081574226,1002.900071063547,920.2329129307159,-6.862919834246668,1525.6172626326716,1028.6162391858861,876.8429697851415,661.3308286021347,42.5999755859375,1560.9661248144432,1079.4762709254537,841.8384939105454,704.232366586387,35.074951171875
pt-240,713.44580078125,1622.1249556123134,1191.7579912738636,1163.3104485791655,981.0738392654425,12.09637451171875,1628.1773856286707,1172.7871936719991,1071.014732276539,814.6135929956171,79.75909423828125,1660.5864899530122,1243.5041883974768,1143.658716203163,846.3114815591186,70.07232666015625
pt-241,4777.77783203125,3000.0,2808.656343972004,2944.4874666690393,2898.14794921875,172.839599609375,3000.0,2782.716308603063,2804.009676899761,2768.086116592407,333.333251953125,3000.0,2849.87646484375,2836.419677734375,2862.554871599495,333.333251953125
pt-242,360.240234375,1162.5567739841085,930.8015315807882,880.014982117706,544.9424350662232,-26.66294293997794,1102.3629449173986,891.2311111623915,837.1040597597303,452.43238830566406,0.0,1151.6761208080102,965.4178170698424,836.1979093457383,502.2732040111399,0.0
pt-244,312.2079162597656,932.6540121151999,799.3677391038773,734.4245968084279,504.55408455133545,-30.355720083401422,917.043718341588,774.5602618226515,720.9711068001607,457.04563812667095,20.312789916992188,985.4292736505944,824.8009180137796,789.4806592867651,448.2712855110169,20.312789916992188
pt-245,327.4827575683594,997.5251439865224,831.9178997631116,795.5476995450455,692.2806807207594,-3.9571709766937033,1057.4827570121724,894.3833705995269,874.0675197651303,628.202467682114,2.31036376953125,1091.4307990098898,936.1739089735422,884.9188087078912,590.2876008503347,2.31036376953125
pt-246,1170.04150390625,2082.283013050616,1502.1354272525791,1544.678669871519,1288.510948030472,87.3028564453125,2130.261791145246,1561.4625755721604,1557.4550460739815,1082.15771484375,224.60577392578125,2135.323618767527,1583.0781766937098,1638.477589570382,938.9002353839405,162.24066162109375
pt-247,1195.1219482421875,2299.4623303470626,1739.875850074614,1637.4472034365897,1371.919112585008,35.2303466796875,2236.5789199267365,1729.9068677297637,1633.2385727535677,1149.0906504764557,0.0,2256.1039913360837,1710.9567205144867,1720.1695330531477,1332.6142455714348,0.0
pt-252,397.1932373046875,1067.1247675430523,899.5166812389928,859.2484434005892,657.4254813277364,0.0,1048.9854401025746,873.3336746193979,789.2698539526347,615.981487134587,12.30059814453125,1088.614097689789,911.808306132019,817.3452088106328,629.3601497020721,12.30059814453125
pt-253,706.7291259765625,1358.1241564364968,1017.2254212660924,860.5404092808402,703.4671878739738,1.7205810546875,1419.441179273807,1057.798422090867,999.2624119367555,892.448205885067,1.7205810546875,1475.2312050780397,935.3358830519601,1026.550172937602,820.4258117675781,1.7205810546875
pt-254,441.4383544921875,1222.9667659727488,1085.4839077281463,1041.225947314013,706.251971636799,28.958892822265625,1203.757117803693,1070.0466097452213,1083.7748008614378,562.7304731286813,70.3424072265625,1244.5171467778175,1092.8772169491285,1092.8611784117775,626.112096201944,70.3424072265625
pt-255,1174.0377197265625,1930.7678568908761,1321.96643937594,1137.373143459748,1092.0892038756986,0.0,1817.8611097928754,1058.104192161566,1101.2990119243595,1153.4108155765534,0.0,1846.8770421562997,976.2361495914557,1127.3574622425922,1006.9621112442018,0.0
pt-260,306.28570556640625,956.7857210483561,820.4182256078939,780.7797844657061,485.3629866731849,8.034255981445312,971.6665001388534,851.0971028277846,825.8170608981161,463.6058462991715,53.90855407714844,1022.6452131752874,901.81676323838,921.9779546034581,452.53544949659124,53.90855407714844
pt-262,368.15185546875,1117.7317886955434,915.7433473835201,891.7768351745685,782.4831534178109,-136.6545530035857,1097.5842981780902,902.2081624253624,865.4723685091523,590.8047073945296,25.859619140625,1157.6120484691219,923.8449497961305,891.4011236390473,712.8236099949277,25.859619140625
pt-263,387.4352416992187,1163.2449673431158,936.2067140281291,770.5348985153851,678.6540433216582,48.147674560546875,1131.888409883219,836.5330322266884,683.3791794745426,626.6954691481591,58.562164306640625,1172.7710910298088,862.7466013338208,739.3923625825565,617.2549141482662,37.68133544921875
pt-264,389.49078369140625,1029.8035979026138,845.604333991331,824.0484308637291,602.9137079374042,0.0,970.7648298180831,742.6774865377631,782.9536879510158,483.8925706006395,3.250274658203125,1002.9742845834998,727.713860059024,746.2883793776559,526.9277914237978,3.250274658203125
pt-266,458.1047058105469,1176.8161079011352,970.7351296071536,944.414710873134,643.5307358707937,-266.3222590833433,1069.135210610063,849.965299722041,838.7769940364096,700.9532258062363,1.823089599609375,1111.1697118013376,946.3837317127177,927.6842867327255,678.8340026292801,0.0
pt-268,428.0157165527344,1000.5179980206799,732.2297396778466,668.9080056724393,635.1724314840526,-67.65625479518428,1019.7071106850028,729.8289992065597,633.7550226981084,547.1733685315052,11.827117919921875,1061.130618230508,781.2536887040199,649.2711092624129,589.6700077676774,11.827117919921875
pt-269,1307.94287109375,2592.1843639937924,2263.332533073541,2223.3566063963367,1801.930382112906,5.7142333984375,2658.0781724057397,2311.261207929482,2104.7659689909115,1948.6554645700933,0.0,2660.0375057419833,2313.4101891861073,2091.3355919253963,1793.6170605633263,0.0
pt-273,903.9039306640624,1663.30505201606,1259.7122777057011,1201.989066090458,720.9870537319183,15.0150146484375,1653.1096034196562,1255.995340142023,1251.181588203699,699.6137526283264,102.10223388671875,1669.1181393579577,1250.2568218077,1125.1908431999968,755.1559744309544,102.10223388671875
pt-274,538.8026733398438,1372.4053149013607,1151.2004764218223,1125.5890758233713,884.7366272040156,15.52105712890625,1343.8306593202271,1130.6321886223955,1167.4260000437407,868.2132765110729,19.955657958984375,1381.8527712393486,1147.3795366141212,1169.2934977413693,950.2532240208385,19.955657958984375
pt-276,3489.702880859375,2980.2191339299293,2347.225122928439,2234.6994380969204,2411.4631627831204,438.614013671875,2980.2191339299293,2321.81025185436,2148.8209150804178,2122.0756551141317,727.722412109375,2982.495803577912,2312.644070999697,2150.9776586367066,2133.1205102771332,727.722412109375
pt-280,555.7222290039062,1436.6992067790375,1192.9979104212898,1115.3521350222054,689.257350330369,37.129638671875,1520.5600460242072,1317.844888827428,1168.26597471292,970.6930089510727,40.833343505859375,1579.3692508986915,1349.1220962952025,1277.2341123131876,951.0896064846293,40.833343505859375
pt-283,385.6130676269531,965.1425357270397,839.6358351152685,785.259417402604,492.2424064817428,8.188018798828125,1009.2326118700198,882.8656026606582,920.4333243140168,597.7908996338613,39.618499755859375,1049.2102878950068,914.8119637255691,948.4901672735127,570.0292273950577,39.618499755859375
pt-290,1154.425048828125,2120.1713402580926,1684.1579668149145,1516.6524692840812,1226.806138071763,13.97210693359375,2059.67599330089,1438.2735673061463,1334.3264615393925,1134.823032037825,38.4320068359375,2078.536716462165,1418.8249265367988,1307.9344053983439,1105.2505619919007,38.4320068359375
pt-292,409.9774169921875,1232.682095220464,1013.0727210174559,965.3202527351369,833.2839577482905,-9.93347407727964,1218.058158439027,999.4373202617817,973.5952345666108,727.0271217451307,0.0,1276.4895225020878,1057.2864500345556,1006.709550090698,793.0091176660319,0.0
pt-294,1184.391845703125,2282.8636365366797,1909.0013707635192,1798.0689652352394,1365.2811416915056,0.0,2188.339360496653,1874.322510584296,1521.2519429363674,1036.4599773259588,84.729736328125,2194.355316213223,1859.6558685787838,1546.1752139453247,1039.8383952947088,84.729736328125
pt-295,495.30120849609375,1538.905589225836,1324.7019023352716,1195.0303217566852,909.7858023992308,0.0,1432.3701003457395,1207.674946386919,1185.420195323012,750.7478591365814,12.078338623046875,1481.3299211988879,1222.682474156586,1204.926831347971,841.8819567063447,12.078338623046875
pt-298,1535.176513671875,2671.562370661177,2234.8900490496308,2233.339209964842,1876.9258555830859,0.0,2546.7140559106074,2093.360265432714,1931.9580002225061,1611.5071429195405,289.058837890625,2459.13321920567,1982.3770675136122,1961.1361164059936,1751.7033720607758,289.058837890625
pt-299,1034.0404052734375,2064.1074574352033,1461.125321039271,1427.0285945357984,1058.5882313254476,3.36700439453125,1968.3970877004176,1587.445483358434,1431.0744745225747,1045.976003699398,0.0,1987.8770623091068,1590.6711237522277,1439.919264361828,966.4022912745241,0.0
pt-307,1404.769287109375,2154.8039272410115,1570.686004635364,1584.8683229498108,1645.8911321674116,30.871826171875,2099.286454690845,1573.931613808901,1546.558646023144,1327.025634765625,41.179443359375,2143.712029358505,1555.334859814898,1578.8845303593441,1293.4652554979311,41.179443359375
pt-309,386.516845703125,1143.5488268065033,1009.3453054733666,956.9090638076741,667.1772838595417,-23.102498081317094,1070.4836039175104,932.4897795499984,872.9036751310189,619.6674118009619,65.98709106445312,1127.859137136514,978.9643234240435,961.9351089579602,526.6566608985402,72.42373657226562
pt-310,1089.3721923828125,2514.955730860819,2075.0990548571995,1901.74967215154,1245.246705166161,4.5291748046875,2502.135485081626,2054.3529434413667,1798.9547969340906,1087.9910241911525,296.816162109375,2592.476851260006,2137.0016353665915,1697.053425638273,1336.5644347926618,296.816162109375
pt-312,724.0364379882812,1407.4917954673926,944.5623126271934,937.590364871148,777.76294038393,13.0728759765625,1372.5007868600446,864.0287560584161,752.0633159333505,799.1406860351562,41.796875,1443.4674195127222,936.4799599628329,813.940956010366,835.1015027468801,44.40106201171875
pt-313,426.7144775390625,1052.3457098122146,848.4945645537323,893.8347017206772,519.171132848828,0.0,1054.316966345577,833.4698464444477,863.6416371604635,555.9711299137969,7.8487548828125,1108.2042701177927,947.5766453354831,958.215306265384,624.9789331390161,7.8487548828125
pt-314,2039.3258056640625,2451.806317876863,2001.016779080798,1811.2707011476725,1655.5182795465787,0.0,2352.1473206263113,1710.294298310776,1415.1718948832927,1473.0858578948973,33.7078857421875,2392.8082045552183,1802.8797986162945,1570.9076765274606,1509.2737322603593,33.7078857421875
pt-316,738.167236328125,1304.378482048433,1091.0156863803222,993.2378768480435,846.0025858839988,7.13525390625,1329.664366728431,1140.8963597390002,1078.7293092071236,804.1582715714347,71.42343139648438,1385.4067809406076,1189.3825771117172,1164.2315481380376,826.5668826996663,64.25265502929688
pt-317,1080.0301513671875,2097.024604945002,1655.5263698171143,1490.01630814601,1106.5200670445556,81.87310791015625,1910.1724124046418,1467.7794605037402,1279.9846329514226,934.1922272925137,118.217529296875,1929.0018681424986,1476.4114945670794,1284.6070334695253,886.9899542228474,118.217529296875
pt-318,332.60736083984375,868.238410532864,706.4994454002474,688.9079563083968,379.55330223512647,3.0777130126953125,895.6231600027962,705.7678519006951,749.1223106232583,489.47967256030404,32.81187438964844,912.3454868312928,718.0391106545006,707.0362004796184,466.65647888183594,32.81187438964844
pt-323,3586.219482421875,3000.0,2745.259205715649,2840.003942555088,2830.583012819588,0.0,3000.0,2661.861919678726,2840.003942555088,2806.070805788338,0.0,3000.0,2803.348613528593,2840.003942555088,2806.070805788338,0.0
pt-324,586.8662109375,1407.6538688476392,1191.3815540367013,1084.753293495458,832.9419592422121,47.676116943359375,1400.7999109333778,1193.395129216301,1032.6863811444246,816.849022761071,97.0950927734375,1437.233448346015,1222.2060170979362,1104.5811323760943,816.165270601655,81.21478271484375
pt-325,564.2701416015625,1106.573909786089,949.9072579922439,894.3780018402456,642.3129589748382,0.0,1126.5731903406393,959.4704922696066,952.409862629094,753.8863751529293,7.625274658203125,1171.388168703115,1001.5913158008835,940.2862798440251,676.2786761205352,7.625274658203125
pt-326,473.3541259765625,1222.7323800409843,997.353551259094,889.4573728364307,655.7858906939628,2.5062255859375,1184.2370837630779,964.2598971206446,831.7020444797035,624.7977590121695,42.543609619140625,1198.4847464235681,967.1894457009041,818.9944504820826,603.1188953421713,42.543609619140625
pt-327,932.5723266601562,1612.817582129843,1242.8536040149284,1218.6221824042966,745.7555541992188,35.5948486328125,1675.5215147171511,1351.9691856618103,1165.550922840544,1054.191616079736,55.01605224609375,1723.7643699744917,1387.930780662842,1169.7493429618617,744.6584598304944,55.01605224609375
pt-328,2325.926025390625,2639.7843142647394,1574.4413760518578,1641.1413749603755,1570.5065425513385,162.9627685546875,2739.5079036215247,1816.0323536326443,1780.380217846382,1205.1638819541931,288.888427734375,2762.641664799451,1820.9504470049592,1840.019658929829,1280.3377100241778,288.888427734375
pt-329,337.8823547363281,1057.8268058044255,914.2596165551963,857.8179410419452,696.0794931452274,36.882354736328125,1037.3732377833526,887.2935720589085,883.4462521482242,593.9512192685727,60.485321044921875,1062.5773270541674,913.696123872857,863.639877644353,538.96990382683,39.82354736328125
pt-331,427.0833435058594,1266.5988257181994,910.4353340185578,915.7743709444233,711.3284747111798,12.551095035570313,1262.4207235528274,854.689833920459,809.6835895134352,749.5513895950318,42.82403564453125,1312.091731494911,909.714563438592,864.1459846140681,896.2525377642287,53.24072265625
pt-336,629.9212646484375,1064.208722352922,839.2817122148253,815.4900343198364,680.6843035670721,0.0,1120.4237358534147,908.1509153743198,869.4434530201889,728.4723729438781,0.0,1167.9627215237517,954.3818357398704,858.17970146868,751.9480579181857,0.0
pt-338,658.0086669921875,1572.7384353745408,1064.1530685952828,1095.1341182405117,1093.9795462055206,21.645050048828125,1210.7919726296698,902.8284021983036,716.942521306157,601.3700575588198,95.23812866210938,1149.5488730561297,844.7469281011101,660.728188649413,629.219372939579,34.632049560546875
pt-340,383.8827819824219,1157.2174458245113,981.5691387299667,957.2436586456954,510.23910018491745,64.4688720703125,1220.7214646658658,1051.6596721129126,989.6296973364797,602.6769001486891,67.39927673339844,1249.750130399754,1063.7454095886562,1080.0923813803952,650.1271289375421,25.641036987304688
pt-341,2277.078125,2403.675693046728,2016.527964836887,1972.4300410415785,1668.4612867849871,7.5567626953125,2505.942625005264,2090.634254664514,2060.789646568037,1630.6016901253133,41.5618896484375,2520.1898821867608,2090.5120746813304,2126.6602975046962,1802.2844210506687,7.5567626953125
pt-342,712.3287963867188,1664.9254172303934,1423.4089912143922,1226.3003395992987,980.0414609279139,126.171630859375,1695.6269283627582,1421.0521242409218,1452.7418014576983,875.0579456777573,175.19830322265625,1611.845820254163,1317.6884365915525,1350.3770893802048,715.721214720726,49.02667236328125
pt-343,573.0061645507812,2030.5137767503682,1632.4974755489868,1554.8779445414818,1031.9084679015264,32.51531982421875,2025.399944014369,1680.235009256379,1568.3807452383562,1355.5865848552944,176.68707275390625,2077.312013981078,1716.0030547426265,1696.8387027127837,1427.2446774374228,176.68707275390625
pt-344,542.8737182617188,1716.7408409554448,1136.020632098707,1222.7697649597878,1033.0243835449219,26.651214599609375,1778.920342007768,1316.8878982180572,1371.6960796925946,1074.2137159824372,26.651214599609375,1822.3979084575597,1302.6797062458313,1423.7242781816235,844.1483459472656,26.651214599609375
pt-345,4864.734375,2799.9553224251345,1234.4414117736924,1554.7635657248134,1672.300542116463,-9.930330766732823,2864.86872744101,1707.2733692385323,1621.4872760535504,1706.521484375,237.72106996182356,2813.6069480721985,1493.9068257797576,1640.8152571772512,1475.844970703125,237.72106996182356
pt-346,760.6491088867188,1874.3984514626911,768.4904574024183,814.8659730143813,584.576918311184,-212.94300275443084,1578.4901648346495,949.2668569230084,899.6532882909548,754.6009851713825,40.56787109375,1607.5100746999651,941.2754658155684,867.3606057401073,796.0890325785329,40.56787109375
pt-349,576.458740234375,1889.7839012476682,1381.319425479887,1499.1476674896005,907.4247176674014,21.12677001953125,2094.2582772689684,1595.6999987211393,1674.1837683992153,1081.3237509728676,94.06436157226562,2140.2786969163535,1647.715925869868,1658.099441262656,1274.9516453192837,20.1207275390625
pt-350,1567.1641845703125,2501.953940958969,2193.619260200633,2114.239879087667,2267.4129638671875,149.2537841796875,2543.636945954888,2199.4421219967326,2142.3827657872775,1887.8179981711507,199.0050048828125,2571.1974341856967,2199.1277028389295,2138.6199243064057,2221.7899539420123,199.0050048828125
pt-352,547.6369018554688,1611.0420924248324,1138.2294997099218,1045.4083076299064,1165.0832947592735,-129.14909798649586,1214.2738939355415,595.2153421439932,480.22384414366184,434.2858078174591,96.77415466308594,1273.0518031290956,611.2030018026234,627.6985361915707,567.3771535261267,67.51686096191406
pt-353,964.0795288085938,1345.4794015149314,987.8070273872705,836.0363881851017,580.7198101812593,15.3944091796875,1424.1336173484633,1119.9741908546011,998.6772955094868,752.4779810446489,14.111572265625,1450.5386102220332,1131.220604866504,1002.8081781593279,650.2613348063219,7.69720458984375
pt-354,374.74951171875,1285.8836107670754,950.7617564068566,963.1204360459052,416.833740234375,60.120269775390625,1300.937469429618,972.4236910459953,861.8241428783238,669.5947334769369,204.40890502929688,1345.0102020977833,995.9068618593343,899.7857528384629,724.5992706298828,204.40890502929688
pt-355,1470.319580078125,2136.242497506286,1609.8977693342008,1644.113550326002,1520.3539294630325,0.0,2073.550685369363,1645.4185556347381,1584.482778629735,1260.3899857443996,1.5220947265625,2120.878056929256,1652.565885213435,1591.0191355519742,1273.4226930335165,1.5220947265625
pt-356,550.3875732421875,1053.9054853786054,719.411885769183,744.1956372204095,520.5660170832908,-228.8006649553588,1184.8277635508887,771.2992542093344,783.9220004583863,655.855664024626,26.162811279296875,1183.691985036924,804.5933165644873,783.3281460093814,542.0292323390281,14.301126295110983
pt-358,2250.398681640625,2628.3980683466216,1772.2976806790189,2117.7349058581844,1651.913818359375,92.5040283203125,2810.3763184508257,2006.7764125155024,2098.3076474078653,1672.9880421164635,240.82952880859375,2875.312192413414,1975.3930962202728,2091.0123398815003,1840.489992393461,240.82952880859375
pt-359,300.5697937011719,1230.127134956611,1080.5400370376794,1062.0471667506972,854.3932346899823,-352.6567217126066,1334.2895756267678,1159.486456527471,1121.9349439140258,773.5923638951779,103.98860168457031,1365.5286888009741,1177.1273015090262,1132.488886754007,782.1861274011292,95.44160461425781
pt-360,1355.26318359375,2134.0340873269724,1482.0758918254874,1367.448482299605,858.5526733398438,78.947265625,2452.973367853867,1524.7288389130501,1544.2347279152546,1301.6438553126452,118.42095947265625,2395.379851043799,1728.315429639502,1681.65682180477,1013.237079032898,118.42095947265625
pt-361,852.962158203125,1884.0008545782391,1591.725896837408,1545.4478859830988,1054.0795492785564,41.39898681640625,1887.8100836387885,1579.9051890171563,1431.6556967990055,997.1448364257812,50.6781005859375,1928.28120065052,1611.0555069334632,1523.8338788160636,1143.4689025878906,50.6781005859375
pt-367,1121.158935546875,2816.2456123690718,2251.6152286582737,2325.8058327297567,2271.2929389483334,-71.5251094251397,2459.997350365732,1943.4843824640743,1993.0785182897516,1790.452846398951,0.0,2478.2592654009104,1960.6536579488607,1974.2086421266713,1781.8143942301867,0.0
pt-368,362.27044677734375,1700.244778125705,1416.2561145746388,1385.987905648703,732.404866457284,-50.77784162161856,1917.173854650991,1467.0815589192991,1493.3798530733363,864.4460037869198,56.761260986328125,1895.3526922580495,1534.7728720661157,1487.2681850406766,642.7378997802734,247.07846069335938
pt-369,1455.278564453125,1921.3996712038688,1397.236639752496,1261.3700542853462,890.5060476913452,320.38140869140625,1929.5566997019541,1463.1237992288407,1261.358155708133,841.1017474842072,320.38140869140625,2012.8123187738297,1482.8558169191565,1280.2552281257945,944.0479124355315,320.38140869140625
